	Train Loss	Test Loss	Test Accuracy	Train Accuracy	first_gradient_norm	first_gradient_norm_wt	first_gradient_norm_wt_scaled	loss_error	loss_error_wt	loss_error_wt_scaled
0	3.940360641326904	3.938519570159912	9.99	9.984	28448.916728868662	2911.2486272078613	28664.425224097395	193113.046875	23673.09375	195249.6875
1	6.094770746612549	6.214251742172241	16.88	16.154	11493.242506599654	811.1126042960447	11489.60302754497	272022.5625	39128.8125	273221.59375
2	2.2392510079193113	2.232170817565918	18.24	17.728	2398.726173042064	524.8753759133739	2499.278438486154	101517.40625	2001.890625	102036.078125
3	1.9612697329711914	1.9556085037231445	24.78	24.634	2793.53950734374	322.44594832869717	2667.9558119300445	87687.0078125	1649.9765625	88252.15625
4	1.8767759771728516	1.8654901235580443	27.69	27.572	4358.902133922689	423.43835923578195	4410.582594721262	82874.0625	1812.015625	84024.703125
5	1.9292806272125245	1.9266954507827758	27.22	26.37	6068.311607617543	322.325155696816	6060.700787349103	85790.796875	1459.84375	86636.9609375
6	1.7554582085418702	1.7400031131744385	33.83	33.31	4365.382842518513	448.5213714618599	4355.94123630649	78395.34375	1757.125	79243.984375
7	1.8551976698303223	1.8432702121734619	33.11	32.784	6772.44030721038	290.0549598162101	6800.398434546968	81334.9375	2554.4765625	82491.546875
8	1.6425946923446655	1.6471205476760864	38.96	39.054	4247.792073756687	356.1937952841858	4214.501704825211	74963.0625	3514.7265625	76016.65625
9	1.9025424111938476	1.8902374389648438	35.68	34.836	7314.692481627551	262.70475907288244	7292.420234732436	81469.0546875	4891.6015625	82704.234375
10	1.8467808559417724	1.8429378929138183	36.11	36.154	7731.885264821302	376.0071649463208	7763.948377233504	80390.8515625	4202.4453125	81905.5078125
11	2.008824591369629	1.9975870428085327	38.84	38.894	7501.93230892464	218.54735241490962	7567.237809234498	86156.3359375	4846.2578125	87913.0078125
12	1.8222841301727295	1.8343730583190918	38.48	38.854	8866.82171928907	257.76179427736537	8831.566877418596	78293.3125	3798.5078125	79822.3515625
13	1.4860633154296874	1.4998885316848756	46.5	47.074	3522.7369002158	271.5758759048376	3375.295815022807	64370.53125	2961.8359375	66028.765625
14	1.6992367760467528	1.7054263412475585	38.16	38.51	8274.954543319292	667.2481531564824	8393.910867125558	74681.2265625	3547.375	76153.921875
15	1.6415078226089477	1.6563004800796508	44.56	44.704	6579.728637356235	310.6603574763694	6675.496545412546	70824.640625	5339.3359375	72465.0234375
16	1.7293793158340454	1.7478245447158813	42.28	42.49	7173.198454336661	753.0991791600173	7316.966560782472	71993.390625	6656.515625	73927.7890625
17	1.870504966583252	1.8953302642822265	39.0	39.956	8157.417779728999	622.0089573526137	8298.002827508839	77599.8984375	1956.0234375	79618.9375
18	1.5988468353271483	1.614334778404236	46.63	46.854	6521.7776666569	524.9218226488133	6547.253701399458	70404.9609375	6726.2890625	72182.6015625
19	1.3806861873626708	1.3754021753311156	53.13	53.382	4512.735490992302	513.932218435957	4607.210680914171	59964.5625	5177.71875	62277.875
20	1.304504023361206	1.3155597274780273	53.71	53.978	4753.897579286114	203.46448373547793	4674.426427245032	56801.4765625	3643.609375	59408.36328125
21	1.8388477291488647	1.8497824558258056	43.9	43.484	8045.873198400618	352.77461514722785	8076.230813282653	72374.3125	4362.0078125	74977.765625
22	1.4971558619689942	1.5049879705429077	43.82	43.814	5760.003676709722	494.58613721261474	5781.947812546533	65526.9609375	6604.3359375	67154.28125
23	1.605558518600464	1.6140234008789063	48.95	48.952	8417.973776036624	627.1824043200402	8529.692686628765	66798.25	4135.5	68890.8828125
24	1.2924910099792482	1.2967766941070558	56.0	56.128	5567.457431806245	305.85347056896535	5717.924925134222	54500.73828125	5583.2578125	56838.578125
25	1.2515081006622315	1.2622289768218995	56.09	56.696	5110.468560690635	680.5619065549929	5205.483895717206	52600.7265625	4950.30078125	55480.53125
26	1.1341074019622803	1.1489574878692628	60.05	60.25	3319.2839991337523	289.4419405001303	3209.726411837224	48384.671875	4252.6640625	50753.15625
27	1.5365609869384766	1.5298246253967285	52.58	52.064	7785.885844800806	339.26565862518237	7910.298031816544	63198.921875	4199.4140625	66129.9921875
28	1.109542011680603	1.1318658800125123	60.64	61.148	4909.62302061287	323.352067628495	4875.962620338907	48709.35546875	3973.95703125	51108.9453125
29	1.1657300513839721	1.1999161871910096	58.97	60.12	5171.28724984162	369.122134436473	5258.5781521269755	50231.578125	4705.48828125	52985.62109375
30	1.1847951138687134	1.2112454652786255	59.37	59.844	5142.854679106913	442.0587646308528	5240.379161518471	49143.2578125	3302.75390625	51849.8203125
31	1.25936737159729	1.2796199737548828	58.21	58.958	6483.940404018117	311.26536169954613	6488.827729391963	51732.50390625	4712.10546875	54334.65625
32	1.232381944656372	1.2549792514801026	57.13	57.808	4291.574988248174	625.7512935175212	4455.912647763701	48731.640625	5069.76171875	52369.3203125
33	1.1445615604400634	1.1648695232391357	60.83	61.238	4561.522511507521	495.73750727279247	4621.463689430819	47022.3359375	3754.109375	49530.0859375
34	1.0034181189346314	1.0244638671875	64.69	65.41	3270.2243027203326	450.0585475134592	3257.6616649431235	41532.3125	4531.82421875	44410.05859375
35	1.182961302947998	1.1977462558746337	61.14	61.496	5355.118940767611	429.24045772174094	5533.960648232693	47532.359375	3745.1953125	50875.08984375
36	1.2372812874603272	1.2673690544128418	58.96	59.738	5724.737730678231	534.0313190990252	5811.32633781447	50094.9375	5453.26171875	53171.97265625
37	1.2121427389907837	1.2384179569244385	57.86	58.38	5405.7916625653115	310.46428814789766	5524.719020080454	49059.1953125	5338.53515625	52577.3046875
38	1.0804870330047607	1.1184138080596924	63.09	64.014	5301.902490659228	435.86332484234663	5362.483643848357	44190.921875	3719.8203125	46678.484375
39	0.9439044055557251	0.959746868610382	66.32	67.158	2769.745995900871	372.0364125241157	2906.533221988173	38578.17578125	4693.78125	41787.859375
40	1.5783347457504273	1.6134551443099976	54.25	54.968	8654.272026719524	583.3025529116408	8855.941167344949	60405.66796875	6719.97265625	64892.05859375
41	1.9082774464416503	1.9291825595855714	47.67	48.272	11547.037867242525	2780.0957813433606	11904.918408413243	74948.359375	13423.6796875	78852.59375
42	1.3964010991287232	1.4117593212127686	55.5	55.72	6637.475432816145	1219.0274500759742	6851.100038290593	54862.203125	9443.14453125	58936.31640625
43	1.0018526879882812	1.0394139940261842	64.18	65.848	3930.1198806761913	534.7486798058717	3974.9846327939395	41664.1015625	4907.94921875	43963.12109375
44	0.9961951887893676	1.0189852766036986	66.3	66.614	3482.7962275021787	482.3237936176649	3555.856298160176	41422.4609375	4129.3984375	44450.09765625
45	1.056425853691101	1.0767442892074586	64.76	65.0	5369.650162449412	213.39222933783591	5569.019853125681	41055.88671875	4292.48046875	44497.32421875
46	0.9453417785263062	0.9769023138046264	67.5	68.108	3833.782860904554	367.6527788714457	4000.4352800611623	38116.5	4379.37890625	41609.2578125
47	0.9042334875106811	0.933426427268982	68.31	69.218	3659.773455572966	235.95450168067788	3982.905208273112	36867.07421875	3958.4453125	40817.0390625
48	0.9002529205131531	0.9303338426589965	68.1	68.902	3783.2220067116364	488.1105377917845	4054.6826313155143	35442.67578125	4841.42578125	39129.4375
49	0.8853860600280762	0.9153516903877258	69.29	69.966	3587.699258649942	379.16020238325166	3734.4542841864704	36126.4609375	3667.5703125	39676.5546875
50	0.886646821975708	0.9153478763580323	69.01	69.742	3205.6880749187508	300.81774735645354	3383.380224776883	36726.08984375	4550.29296875	39992.93359375
51	0.7877871942520142	0.8113296964645386	72.79	72.962	2952.465435687859	267.5460120088065	2996.6624543385165	32305.49609375	3537.78515625	35459.8515625
52	0.9016570053100585	0.9374588277816772	68.59	69.482	3703.944308462448	583.9629094196392	4070.390429481062	34728.04296875	4725.50390625	39117.1484375
53	1.0054500706100464	1.0321470483779907	66.99	67.994	4042.531793712261	738.8972031999064	4276.588320926741	40363.265625	6223.87109375	44351.0546875
54	0.8464221287345887	0.8785244558334351	70.51	71.414	3480.114453358967	368.51960368851604	3550.134744358725	34909.2890625	4892.88671875	37913.26171875
55	0.8764276184463501	0.9136368399620056	70.44	71.572	3686.6803355612956	261.0482999026611	3758.9072991428284	35105.5859375	3833.76171875	38521.265625
56	1.4079399207687378	1.4217801614761352	58.85	59.114	8086.30353030491	658.6900125919925	8445.920536047326	50946.19921875	4396.73046875	56191.11328125
57	0.762991595916748	0.7973022672653198	72.65	73.838	2446.356165988905	424.43855402564105	2729.472422106952	32353.91796875	5106.54296875	35534.40625
58	0.8074038949966431	0.8447970710754394	72.05	72.36	3810.0518710737674	205.79721090355358	4016.741981887811	31803.8984375	3965.05078125	35491.7578125
59	0.9245840908622742	0.959592036819458	69.54	70.648	4790.002374062134	446.9418122741418	5115.009143279491	36969.3984375	4675.734375	41515.5546875
60	1.8631977013397216	1.8775481140136718	48.55	48.894	10261.706761162626	734.7851061671039	10365.914661283041	71643.015625	3393.84375	76329.9140625
61	4.872387036437988	4.895682903289795	22.67	22.842	22415.47542326496	262.7190363847885	22445.64430753028	194228.609375	4124.09375	195906.109375
62	2.065043134765625	2.068669923210144	29.73	29.61	6238.547354091445	1043.2115526205937	6256.26450085802	89539.5859375	3287.1328125	90073.96875
63	1.8615195203018189	1.861300406074524	37.59	37.19	7025.6729134267625	296.62213810891154	6931.651514925116	80554.75	3074.25	81249.234375
64	1.450175894317627	1.4494917192459107	47.02	47.498	4805.01116928753	361.0388387020913	4868.342762656693	63371.56640625	2466.5546875	64871.66796875
65	1.4093384860229492	1.4114379274368287	51.38	51.522	6224.1963682596415	518.9699516372489	6328.597213662414	61818.40234375	3545.59375	63620.35546875
66	1.31042119556427	1.3244119539260863	53.88	54.296	5340.032231189184	382.9526649465998	5312.288092035628	57016.0	4903.43359375	59071.8359375
67	1.1020479732894897	1.1031525466918946	61.13	60.99	3543.2602570742956	427.6734685964067	3636.608563052894	48203.9375	4358.04296875	50549.8984375
68	1.2773537520599365	1.2869068822860719	57.5	57.584	5258.760256213894	371.62906378693737	5373.937254526546	52484.41015625	4012.28515625	55324.78125
69	1.0742402068328858	1.0927181840896607	63.06	63.49	4160.9227349493685	351.77659020442	4288.2585199277655	46630.046875	4730.09375	49248.015625
70	0.9058968825149536	0.9242580715179444	68.66	68.448	1355.297404755581	472.80116741541786	1370.3578379250664	39359.97265625	4531.91796875	42121.44140625
71	1.0648595714187623	1.0904189277648926	63.51	63.528	5244.430302519132	389.5665383783107	5393.106495952048	46391.91015625	4520.53125	49655.62890625
72	1.0158266396713256	1.035140061378479	65.55	66.172	3568.932421304202	521.5847310049872	3773.810663008092	42346.0390625	5534.98828125	45722.87890625
73	1.167768985157013	1.1862899431228637	61.03	61.182	5706.842551617728	467.30446303743275	5866.372132147396	47788.953125	4604.97265625	50847.015625
74	0.9835240631484985	1.0033542708396912	65.9	66.51	4373.313055149914	403.1586339771936	4348.291794276644	41368.078125	4671.77734375	44059.0
75	1.0792443416595459	1.1032102586746215	62.03	63.21	4804.653270436395	464.65419826319334	5052.968344781695	44765.60546875	5404.02734375	48637.66015625
76	0.882107997303009	0.9131351417541503	69.25	70.222	3812.769799538265	291.40318068649356	3981.886810265058	37539.19140625	4032.609375	40363.68359375
77	0.7951701574516297	0.8227875160217285	71.57	72.286	3701.749158866302	326.4830029856829	3790.6128426287705	34469.41796875	3640.3828125	37570.52734375
78	0.9458330750656128	0.9702861967086792	67.98	69.01	4820.537028125973	438.69048645780856	5083.128808977023	37081.66015625	4172.5234375	41109.69140625
79	0.94245651014328	0.991956558227539	67.36	68.432	3620.220511700277	429.99964850801933	3617.154731686874	39499.65625	4345.08203125	42607.4765625
80	1.0556704234313965	1.0808787233352661	65.49	65.712	5307.069772256127	1043.4511319787975	5406.203501337962	41127.0	5078.23828125	45153.45703125
81	0.7983185031890869	0.8436937306404114	71.82	72.602	3270.9032049124	410.4171190419603	3246.1926709099994	33779.54296875	3147.9296875	37131.5625
82	0.8850610995864868	0.9118499671936036	69.42	70.158	3693.4021966908413	424.65830291737706	3851.6307209922534	35064.1640625	4350.35546875	39205.23828125
83	0.8564501811218261	0.9074400750160218	69.63	71.242	3928.6921528473877	927.5641845807285	4094.737939672271	36330.44140625	5660.56640625	39680.50390625
84	0.8372734315490723	0.8639983469963074	70.39	71.248	3525.5212994662784	588.6705448457991	3638.0577296069087	34376.7890625	5453.19921875	38086.33203125
85	0.968559640045166	1.01447213640213	68.54	69.49	5199.760137512452	481.3284311703538	5316.88103651352	39305.8515625	5524.296875	42825.625
86	0.9629396152114869	0.9979430909156799	68.05	69.074	5083.556194463529	507.1747173777307	5339.653436273652	37493.5234375	5885.65625	41817.7890625
87	1.310634189300537	1.3284308967590333	60.62	61.15	5449.589954888888	477.51650456787655	5737.418833047765	54119.78515625	5343.81640625	59015.19921875
88	1.3263768017196655	1.366566837120056	58.77	59.618	5550.60822386594	537.8631094402804	5641.544553431373	54263.78125	5347.78125	56738.0390625
89	0.9884352882575989	0.9946495002746581	66.12	65.972	3549.254813416725	233.08748518106464	3613.1189296027615	43880.34765625	3024.11328125	46417.18359375
90	0.7828932801437378	0.8135024923324585	73.09	73.506	2271.768726459745	426.1625941438602	2401.919241855318	33576.0859375	4235.3828125	36325.671875
91	0.9022542247009278	0.9352648508071899	70.18	70.626	3675.8483035206973	308.3130536615127	3987.722223229275	35292.5	3443.56640625	39449.140625
92	0.7901759635543824	0.8325151895523071	72.27	73.008	3782.37249016815	301.3824900969081	3971.468076879188	32430.341796875	4271.41015625	35686.78125
93	0.926580996170044	0.9631015248298646	69.26	69.802	4864.674881733175	272.551291129704	5001.178554845986	36521.4140625	3792.671875	40202.58203125
94	0.7793428826713562	0.8144838430404663	73.1	73.85	3469.6858472525205	274.8909501969141	3758.1083046216563	31126.51171875	4306.1796875	35056.74609375
95	0.7318369799423218	0.7689890100479126	74.71	75.53	2290.0524721734146	442.67863966777577	2406.32750695401	29457.36328125	5091.5234375	33460.98046875
96	0.8863612596511841	0.9269092115402222	70.27	70.926	4474.064582673096	357.20034493624473	4689.907480391683	34968.69140625	4645.1328125	39307.0078125
97	0.7713271983718872	0.8173589422225952	72.77	73.942	3141.9505482921577	442.1694832714261	3190.761683003246	30436.30859375	4566.58984375	33851.125
98	0.6891807977485657	0.7372687810897827	74.59	75.852	3109.2186295635993	456.0059459851851	3274.6320221000415	28352.0390625	4281.04296875	32285.5546875
99	0.7212599282073975	0.7681754462242126	75.07	75.63	2192.387720205416	370.05644436301264	2336.9105800648576	28408.99609375	2419.2265625	32296.734375
100	0.741773407382965	0.7831225214004517	74.37	75.25	3406.7147569076387	324.3104130215759	3590.1269230517523	29945.1171875	4375.58203125	34254.10546875
101	0.8132268067550659	0.8622559077262878	72.58	73.618	3861.4342734582733	561.2322235871447	4027.469043760194	31847.29296875	4512.8671875	35816.9765625
102	0.7974296842765808	0.850487258720398	72.36	73.522	3360.342574711966	378.16916026608834	3437.690254604805	32874.4140625	3593.12890625	36899.8515625
103	0.8643019398880005	0.8908297629356384	71.38	71.94	4042.7253664387968	369.74825233878835	4326.467365596356	33484.8984375	4378.09375	37858.56640625
104	0.6983758260536194	0.7333860651016235	75.45	75.756	3603.3143905201823	263.63633898515985	3741.1087663258313	28987.099609375	4248.814453125	32255.2421875
105	0.6880238444328308	0.7338560576438904	75.3	76.852	2639.4246921095482	356.78835766512475	2932.5710791534048	26370.7109375	3684.36328125	30826.71484375
106	0.6350319738197326	0.68306693983078	77.05	77.974	1990.8071168953068	410.5881379295644	2065.984790585527	25993.9375	4472.048828125	29782.591796875
107	0.6551767000961304	0.694892156791687	76.72	77.582	2939.317252786242	308.99142335679676	3142.933770424764	26608.138671875	3775.169921875	30565.75390625
108	0.6762485747528076	0.7169516582489014	76.3	77.12	2228.283968290522	357.81862338630197	2432.474123763632	26034.90625	3240.697265625	30528.19921875
109	0.6507525915908814	0.7092475749969482	77.22	78.036	2653.331526706009	351.897720460616	2682.400546959774	25907.27734375	4051.744140625	29409.9453125
110	0.5917171967697143	0.6467705540657044	77.77	79.59	1903.044548523641	308.40413597626906	2117.0046094721347	23786.3828125	3821.7890625	27724.107421875
111	0.6717090995407105	0.7179646395683289	76.3	77.214	3195.5280026121727	240.41216282930847	3360.739000928956	25392.26953125	3308.47265625	29496.041015625
112	0.7366093754386902	0.7882483161926269	74.8	75.688	3096.7235311266036	397.17085297467037	3308.490489814402	28058.767578125	3265.33203125	33001.515625
113	0.7865175645446777	0.8422444528579712	73.02	73.86	4483.193852181213	219.97997113042632	4724.672487271344	31567.06640625	3386.51953125	35428.45703125
114	0.7996824036979675	0.8490484553337098	72.14	73.636	4243.547499773461	335.5584940580371	4676.595898693212	30978.94921875	4072.1015625	35771.15625
115	0.6843282165527343	0.7429515867233276	76.06	77.128	3415.891388683521	308.70742248475216	3674.0805675337583	26796.880859375	3956.46484375	30820.73046875
116	0.7617606850433349	0.8300554780006408	72.66	74.296	3763.7938403062117	230.22006841433	3946.3744112706363	29678.8671875	4177.0546875	33910.27734375
117	1.5408185761260986	1.594051489830017	52.84	54.402	8382.123854806068	673.1715467148584	8483.866250659274	59358.5078125	4908.6796875	64222.66796875
118	0.7340125594711304	0.769871307849884	73.43	74.756	1968.7281212042494	539.9219246316409	2128.836482673846	31537.203125	5064.166015625	34025.57421875
119	0.668133319644928	0.7253878064155579	75.68	76.928	2885.299833279179	142.6341981248126	3051.3459183173454	27729.78515625	2652.52734375	30935.677734375
120	0.7807276901245117	0.8279932971954346	72.75	73.746	4721.233977896852	389.4036565796868	4881.761201260473	30616.84375	3594.6171875	34591.515625
121	0.5538232934188843	0.6093051846504212	79.22	81.022	980.901958430898	257.1142985115261	1240.122496046856	21804.45703125	2346.34375	25781.35546875
122	0.5375219030380249	0.593412029838562	79.7	81.548	483.7668682935852	144.54021631469845	415.8947228684965	20631.2421875	1196.953125	24778.060546875
123	0.533037977771759	0.5921173504829407	80.13	81.874	631.9749551533071	170.1497521153454	628.5455524214038	20417.548828125	1204.73046875	24745.728515625
124	0.5229574743270874	0.5816697617530823	80.41	82.132	484.94852123496713	140.8575977541864	394.80099131547996	19974.1328125	1691.373046875	24244.453125
125	0.5219340536117554	0.5833111971855164	80.31	82.168	454.2023400528709	198.70562071182067	322.9066144953642	19787.66796875	1099.564453125	24122.2421875
126	0.5126141937255859	0.5756117379188538	80.65	82.44	439.8657900874954	237.89612275192866	469.6042574665814	19590.5703125	1309.072265625	23993.51953125
127	0.5160830690002441	0.5812841106414794	80.5	82.368	633.5591935991163	165.59518792177195	496.2864079937177	19745.212890625	1140.41796875	24024.53125
128	0.5143279656791687	0.5779889883995056	80.63	82.406	548.4028978639179	106.41990433424421	431.47500907962353	19391.107421875	1197.669921875	23784.185546875
129	0.5100738199424744	0.5722464260101319	80.58	82.566	513.6282945395429	193.68966016669032	589.2580288052287	19403.716796875	1827.05078125	23706.751953125
130	0.5068514103317261	0.5710093413352967	80.85	82.704	601.7629847255332	174.43299043612734	476.3496404878604	19342.01171875	1065.08203125	23544.3125
131	0.5230362129592896	0.5893858584403991	80.38	82.192	932.4966695034161	179.50185583515187	912.2474474718358	19557.634765625	1034.49609375	23975.806640625
132	0.5043777621650696	0.5719608540534973	80.97	82.738	437.60859164966894	204.71847626006584	481.3503276026626	19147.142578125	1222.728515625	23396.9453125
133	0.49882070180892946	0.5676231855392456	80.88	82.974	396.49980186451256	258.57751473174466	435.47197661746003	18995.51953125	1072.740234375	23211.4765625
134	0.49507086572647097	0.5642181104660035	81.1	83.07	395.70519644054764	132.81327592156612	251.02257377217515	18719.0625	1356.453125	23043.2421875
135	0.4932879141998291	0.5637587809562683	81.16	83.04	533.2769253354822	162.23032802131442	509.20456779273474	18818.130859375	1423.119140625	23078.31640625
136	0.4961444331550598	0.5639316055297852	81.22	83.028	585.8829680666536	217.7118125791581	515.870945866873	18636.26953125	937.419921875	22965.51171875
137	0.49929562757492063	0.5692551630020142	81.17	82.964	723.88042848737	118.20587986466501	620.11427135112	18644.12890625	1120.525390625	22891.169921875
138	0.4900790270137787	0.5587295002937317	81.45	83.156	472.7833754130436	127.38551282717818	448.5547383012857	18603.21484375	1589.419921875	22936.1640625
139	0.49593431365013124	0.5651188877105713	81.31	83.048	817.0372189721705	171.7362924949411	883.845660180885	18695.34375	1834.552734375	22961.12109375
140	0.49733296785354614	0.565190493965149	80.88	83.084	684.6954424139846	221.50383129577372	681.3930045758337	18436.3203125	953.34765625	22706.041015625
141	0.5219490849685668	0.5855662672042846	80.41	82.154	664.2102656941257	185.50526599352526	588.826992607581	19561.421875	855.5234375	23942.958984375
142	0.4943233807754517	0.5611834772109985	81.22	83.074	430.4212451226138	134.4134968017777	442.34448303149645	18827.7109375	1735.642578125	23065.349609375
143	0.48694815522193907	0.5560139011383056	81.35	83.372	445.90903261965116	65.93275755117273	438.28644449582964	18199.3046875	966.48828125	22479.9609375
144	0.48421504884719846	0.5544195400238037	81.36	83.362	495.66411897908324	178.44199179500512	463.9291161211804	18171.78125	712.1328125	22499.111328125
145	0.48036560441970827	0.5511898392677307	81.6	83.51	595.2398677201522	142.15864945082046	514.5653799763562	18157.20703125	899.9296875	22540.556640625
146	0.4832209427452087	0.5512971949100495	81.58	83.444	599.4692111751503	106.66611986744942	611.8541537752171	18212.51953125	1473.173828125	22539.380859375
147	0.4824728695869446	0.5548443748474121	81.31	83.52	691.0918666633431	239.3794469536253	559.5061857740394	18021.09375	1031.474609375	22250.236328125
148	0.4752763984012604	0.5453400073051453	81.6	83.738	373.7362058616942	139.06939491440264	263.8677600963418	17581.1875	791.796875	22008.435546875
149	0.4750621140193939	0.5462465317726135	81.71	83.724	310.2678243159198	177.93165525710094	223.67151345497234	17643.166015625	1293.3671875	21989.03515625
150	0.4727085704135895	0.5440693919181824	81.76	83.862	685.104750133786	189.2378813733879	628.6701704188159	17786.71875	1333.50390625	22174.646484375
151	0.4730334937286377	0.5460310908317566	81.68	83.75	504.0531491966985	229.10480409918023	615.3144363061504	17659.27734375	673.916015625	22009.478515625
152	0.46944572259902956	0.540221635723114	81.84	83.904	368.21773666710055	146.16039034967253	445.0812262902563	17562.1484375	1216.37890625	21851.615234375
153	0.4665215650939941	0.5409600821495056	81.93	84.102	525.3666353828636	234.19797123617514	389.9186345021444	17557.3515625	1024.521484375	21745.8359375
154	0.46858578245162963	0.5422277870178223	81.95	83.968	331.5988162990532	191.51821343471568	315.62414796794076	17341.912109375	1168.6875	21688.517578125
155	0.4675980146884918	0.5387854879379272	81.91	83.918	514.3286289584183	126.78822257432269	610.2221718518646	17383.310546875	1164.92578125	21785.69140625
156	0.4701977133369446	0.5408736348152161	81.92	83.864	428.4236081351489	150.61384134791047	430.29733273556195	17425.822265625	1323.021484375	21792.814453125
157	0.46523565378189086	0.5406964730262757	82.23	84.156	516.2483081011163	157.21964656094184	400.2101683500859	17238.47265625	990.025390625	21524.865234375
158	0.46498519249916076	0.5390545523643494	81.77	84.012	490.38914303314067	198.51951064359145	391.3095552293674	17118.14453125	1378.73828125	21439.2890625
159	0.4677657109260559	0.5447347992897034	82.0	83.978	700.1633093587634	82.97684002809427	550.46580995728	17313.15234375	1288.09765625	21669.810546875
160	0.4645770444393158	0.5410996043205262	82.16	84.1	474.13582229030413	147.16820595188076	514.4531265930732	17143.55859375	1832.056640625	21558.669921875
161	0.4603592151069641	0.5369389811515808	82.22	84.082	541.2498012827111	190.47246678438995	452.3781741043659	17121.693359375	1443.90625	21401.05859375
162	0.46535240805625916	0.5426140708446503	82.11	84.122	508.49652152206494	193.31604288885984	468.9441403930344	17066.833984375	1243.017578125	21459.61328125
163	0.4627009157371521	0.5412257790088654	81.95	84.256	575.1903549860214	185.91352323576461	539.6634085993594	17001.904296875	738.318359375	21201.7109375
164	0.46804394600868227	0.54208253698349	81.94	84.018	776.5176283898969	113.68437885117571	747.6456532537837	17436.3984375	1242.24609375	21752.798828125
165	0.518540886850357	0.5920518242835998	80.85	82.442	874.3501590319295	157.22100302189008	916.4862778793001	18892.9296875	1454.69921875	23443.08203125
166	0.4808560797119141	0.5558909482955933	81.86	83.65	639.4810651836116	134.3874470576305	679.6406731450007	17831.1015625	1264.12890625	22167.763671875
167	0.47159766664505004	0.5497858588218689	82.16	83.88	538.261298256004	260.5222541514187	429.51225940598243	17551.06640625	1712.15234375	21766.4765625
168	0.46502343244552613	0.5405653715133667	82.09	84.028	584.9529499821401	225.2893899456847	706.635239561847	17114.86328125	897.572265625	21463.701171875
169	0.48236555359840394	0.5552456006050109	81.51	83.56	1172.8499057694467	256.4320324427571	1259.2530464845256	17694.421875	985.2109375	22066.119140625
170	0.4878220842170715	0.5694323308944702	81.61	83.444	660.6188876497	191.53878714199246	842.1160485780237	17836.875	1480.576171875	22544.13671875
171	0.48285514161109927	0.563378944158554	81.61	83.552	640.2949847932549	195.48990420951142	605.8408805261367	17877.30078125	893.662109375	22216.74609375
172	0.473478250951767	0.5529281373023986	81.8	83.854	331.19910870148	127.95453096549257	379.58058554577343	17340.35546875	949.0078125	21767.041015625
173	0.47846898704528806	0.5595557817459107	81.75	83.748	455.4298210067363	143.02265250167318	433.94192300324926	17366.373046875	1002.40234375	21762.580078125
174	0.4715997477531433	0.5501666556358338	82.06	83.914	357.2136975223073	88.24997525363213	358.98694476841615	17204.9140625	918.693359375	21613.458984375
175	0.4665842055892944	0.5454417629241943	82.12	83.998	335.6847715144387	158.9639402227066	299.0052433063482	17006.3671875	537.646484375	21398.740234375
176	0.46451302834510805	0.5432802879333496	82.11	84.142	420.81019737549997	162.9703479809199	430.80094376174026	17136.16015625	1154.259765625	21571.330078125
177	0.46357252098083496	0.5434390213966369	82.19	84.142	407.22213263987356	117.16299988210162	375.4537309820401	16952.90234375	648.046875	21322.84765625
178	0.46079678565979004	0.538869238948822	82.2	84.142	343.4420550439983	127.22763518646876	285.29710816679193	17094.7578125	943.515625	21380.8671875
179	0.4601848927116394	0.5385162445545196	82.32	84.232	316.7160016749199	108.91183040622882	276.0804624356587	16994.923828125	933.60546875	21381.28125
180	0.46105030625343324	0.5406795558929444	82.25	84.2	335.7831711738535	146.8736331199874	281.8610642634956	16890.15625	643.677734375	21221.646484375
181	0.4596271789741516	0.5381266959190368	82.26	84.246	357.5435816830629	113.27053274928275	237.71330573052705	16780.337890625	660.87109375	21150.65234375
182	0.45863511054039	0.5377941250801086	82.41	84.216	324.79775940046744	141.204324180057	267.52909487813287	16833.361328125	829.978515625	21204.6171875
183	0.45859593521118164	0.5393042338371277	82.23	84.252	368.2244061798172	221.6057635573276	368.8760182580276	16808.81640625	937.046875	21171.947265625
184	0.4578449639701843	0.5377682547092437	82.31	84.246	525.6639554631878	167.4616149012252	443.7553266477846	16834.60546875	1204.994140625	21208.95703125
185	0.45626920919418334	0.5353513298988343	82.48	84.394	278.31701305941044	163.52501067388792	364.47671684365037	16611.724609375	755.056640625	21134.34375
186	0.4524785394859314	0.5310096022605896	82.54	84.41	357.4877241539266	108.3355178098529	264.5328832757945	16757.271484375	711.73828125	21096.451171875
187	0.4550913510417938	0.5357153088092804	82.26	84.458	385.14432616213014	206.61904515747477	261.1406991482536	16653.912109375	430.595703125	21044.26171875
188	0.457163689699173	0.5373282413482666	82.24	84.33	451.980843853996	165.71957962058343	419.93841217615494	16594.93359375	824.361328125	21061.783203125
189	0.45557978826522827	0.5342007681846619	82.42	84.324	621.9436149524088	150.14302850537382	469.3581849634747	16749.09765625	852.025390625	20988.84375
190	0.4552161455345154	0.536679367685318	82.39	84.386	438.4031432232787	119.29044433048632	290.9358634934259	16670.638671875	847.658203125	21024.142578125
191	0.4548923606109619	0.5350661037921906	82.41	84.386	378.62894065091035	139.25249472944878	248.2244748206504	16782.931640625	1592.740234375	21144.65234375
192	0.4535577103424072	0.5345930748939515	82.52	84.44	504.19230345760604	137.07434971669284	373.12024842837036	16540.74609375	494.236328125	20935.01171875
193	0.4525269018268585	0.5315571453094482	82.35	84.446	486.89241204488377	144.43456266327988	380.60590791152754	16571.494140625	864.787109375	21033.2734375
194	0.45144876519203186	0.5313937550067902	82.52	84.512	332.85646438713474	125.95307398814519	291.9865345909293	16575.740234375	988.8671875	20977.802734375
195	0.45119784554481507	0.5293703041076661	82.57	84.442	470.7859628038653	163.56137705263663	348.097782408726	16531.87109375	1086.255859375	20915.751953125
196	0.4493033975982666	0.5269196824073792	82.46	84.55	254.064407076851	145.2896305908007	108.89859621462898	16497.97265625	1165.35546875	20935.4375
197	0.4470405734825134	0.5258382475852966	82.54	84.634	407.6496729394932	176.08002427790947	383.154807317483	16565.02734375	1236.8046875	20899.904296875
198	0.44964699431419375	0.5281493010044098	82.51	84.538	431.9477725276373	174.1820054122018	448.37466960368795	16601.03515625	802.1875	20897.0703125
199	0.4504037152004242	0.5294586687088013	82.32	84.488	353.78940298403626	139.54642016361623	356.366780397804	16594.90625	1178.94921875	20924.6796875
